0.517152,0.0251698,1.44185,0.0468381,0.963703,-0.239456,0.10837,0.0828916,0.402312,-0.0907775,-0.000830597,-0.00372945,-0.0120462,1100,1500,1500,1496,1900,1100,0,0,4678.872384831
0.529804,0.0628579,1.43622,0.0923156,0.967831,-0.213672,0.0955299,0.0909437,0.426096,-0.107204,0.0717956,0.0250384,-0.0132476,1100,1500,1500,1496,1900,1100,0,0,4678.981934581
0.548677,0.0854668,1.43412,0.152216,0.955972,-0.237806,0.0799751,0.155093,0.212318,-0.0589793,-0.00107429,0.0149657,-0.00313332,1100,1500,1496,1500,1900,1100,0,0,4679.081800715
0.56117,0.100671,1.42811,-0.119415,0.225119,0.828885,0.498007,0.364385,0.521206,-0.335717,-2.5059,-0.426562,-1.39511,1104,1500,1496,1500,1896,1104,0,0,4679.182611438
0.566804,0.0920841,1.42213,-0.127506,0.237114,0.828552,0.490938,-0.0609233,-0.0526154,-0.0276812,-0.000831834,0.0318504,0.00697734,1104,1500,1496,1500,1896,1100,0,0,4679.292271302
0.569424,0.0799544,1.42283,-0.0956236,0.21444,0.810685,0.536342,-0.0109951,-0.0523913,-0.0287321,0.069928,0.0318246,-0.0252962,1104,1500,1496,1496,1900,1100,0,0,4679.391929488
0.573683,0.0517281,1.42289,-0.122989,0.265534,0.806241,0.514141,0.0110275,-0.192266,-0.0104569,-0.0071977,0.0332584,0.032641,1100,1500,1500,1496,1900,1100,0,0,4679.481741491
0.578131,0.0274962,1.41794,-0.138005,0.280666,0.804708,0.504606,0.0676005,-0.224645,-0.0374251,-0.0168874,0.00618605,0.0302245,1100,1500,1500,1496,1900,1100,0,0,4679.602528338
0.582292,0.0147426,1.41159,-0.134274,0.273485,0.791978,0.529101,0.0501349,-0.0931226,-0.038284,-0.00483522,-0.00278803,-0.00472377,1100,1500,1500,1496,1896,1104,0,0,4679.692100919
0.588784,0.00699566,1.41091,-0.128644,0.281382,0.789067,0.530706,0.0567605,-0.0400145,0.0205809,0.00140933,0.0120234,0.000115201,1104,1500,1496,1500,1896,1104,0,0,4679.791828550
0.591895,0.00034627,1.40948,-0.13411,0.278194,0.784207,0.538185,-0.514675,-0.153388,0.260647,0.124556,-0.0452607,0.223281,1104,1500,1496,1500,1896,1104,0,0,4679.922557669
0.591995,-0.00294462,1.41061,-0.131069,0.278799,0.795934,0.521134,0.000961933,-0.00976494,0.0123849,-0.0079526,-0.00753891,-0.00883925,1100,1500,1500,1496,1900,1100,0,0,4680.002292001
0.593916,-0.00427418,1.41354,0.275393,0.904612,-0.31055,0.0969247,0.0139979,-0.0150155,0.0428464,-0.0239155,0.000724393,0.0270964,1100,1500,1500,1496,1900,1100,0,0,4680.102073225
0.593903,0.002796,1.41842,0.223314,0.931275,-0.281955,0.0579636,-0.0123557,0.0837283,0.0387709,0.013525,0.0137905,0.0130826,1100,1500,1500,1496,1900,1100,0,0,4680.211768190
0.592424,0.00904644,1.42478,-0.128548,0.249812,0.805942,0.521082,0.0130642,0.0984091,0.0738481,0.00514056,-0.00309325,-0.0158655,1100,1500,1496,1500,1896,1104,0,0,4680.311388096
0.592824,0.0155663,1.42835,-0.113805,0.249792,0.831018,0.4838,0.00467578,0.0921844,0.0641007,0.0136258,0.0405425,0.0512696,1104,1500,1504,1500,1896,1104,0,0,4680.412281379
0.593954,0.0240596,1.43068,-0.124335,0.242374,0.813554,0.513737,0.0112582,0.0869582,0.0194462,0.00275888,0.00144181,0.00187056,1104,1500,1496,1500,1896,1104,0,0,4680.521884499
0.595398,0.0311193,1.43186,-0.12823,0.242641,0.817626,0.506133,0.0211239,0.0658445,0.00395575,-0.000279406,0.00221242,0.00221642,1100,1500,1500,1496,1900,1104,0,0,4680.621575518
0.596705,0.0387047,1.43308,-0.114415,0.244313,0.831528,0.485574,0.00759883,0.0527046,0.0018954,0.00602745,0.0314799,0.0561207,1100,1500,1500,1496,1900,1100,0,0,4680.732283697
0.597296,0.0418006,1.43156,-0.123554,0.247501,0.824694,0.493314,-0.0106381,0.0391086,-0.0114,-0.00447447,0.0110462,0.0215061,1100,1500,1500,1496,1900,1100,0,0,4680.832020800
0.596621,0.0443227,1.43122,-0.125035,0.246048,0.821015,0.499761,-0.0079873,0.0747792,0.0285025,0.00344377,0.01446,-0.000829447,1100,1500,1500,1496,1900,1100,0,0,4680.931825981
0.596166,0.0443913,1.43107,-0.128477,0.251585,0.825511,0.4886,-0.00409382,0.00383931,0.00693573,-0.00168607,1.44359e-05,-0.000817356,1100,1500,1496,1500,1896,1104,0,0,4681.042522190
0.594862,0.0446651,1.4311,-0.13356,0.254922,0.825985,0.484691,-0.0117308,-0.00957388,0.00308259,-0.00498495,0.0114409,0.0214624,1104,1500,1496,1500,1896,1104,0,0,4681.152186556
0.593834,0.0437493,1.43005,-0.151376,0.244142,0.805797,0.517852,-0.00130058,-0.00559177,-0.0176203,-0.00271633,-0.034161,-0.0426348,1104,1496,1500,1496,1900,1100,0,0,4681.251889670
0.59284,0.0447826,1.43083,-0.130124,0.241551,0.805632,0.52505,0.0169003,-0.0350148,0.0159281,0.0163811,-0.0498409,-0.0817475,1100,1500,1500,1496,1900,1100,0,0,4681.351630443
0.592144,0.0469756,1.42967,-0.118715,0.230789,0.808073,0.528831,-0.0115581,0.0312651,-0.0176553,0.0111939,0.00309079,-0.00531844,1100,1500,1500,1496,1900,1100,0,0,4681.452546462
0.591916,0.0495259,1.42847,-0.0990167,0.217138,0.811949,0.532716,0.000941244,0.0150329,-0.0106745,0.00987347,0.00386808,-0.00277979,1100,1500,1500,1496,1896,1104,0,0,4681.561623468
0.593381,0.0452893,1.428,-0.133514,0.253463,0.826922,0.48387,0.00304489,0.00194615,-0.00743579,0.00134379,-0.000300987,0.000464324,1100,1500,1500,1496,1900,1100,0,0,4681.661790633
0.593046,0.0460352,1.42793,-0.133334,0.253972,0.828495,0.480953,-0.015073,0.0180601,0.00214265,-0.00128612,0.0117393,0.0200978,1104,1500,1496,1500,1896,1104,0,0,4681.751552790
0.592213,0.0453289,1.4284,-0.130245,0.253638,0.83293,0.474269,-0.00435883,-0.0108284,0.00726007,0.000529831,-0.0103445,-0.0134921,1104,1500,1496,1504,1900,1100,0,0,4681.872219546
0.590566,0.0446413,1.42815,-0.137378,0.249674,0.826749,0.485052,-0.0322369,-0.00389903,-0.0174188,0.00624335,0.002448,0.00233732,1100,1500,1500,1496,1900,1100,0,0,4681.962015486
0.588551,0.0437674,1.42754,-0.145564,0.246069,0.819101,0.497328,-0.0202165,-0.00471916,0.00232168,-0.000321417,-0.000197163,-0.00028323,1100,1500,1500,1496,1900,1100,0,0,4682.061686225
0.586514,0.0431452,1.42833,-0.144088,0.245584,0.818369,0.499199,-0.0148729,-0.0126789,0.00867418,-0.00185314,-0.000717474,0.00244366,1100,1500,1500,1496,1900,1100,0,0,4682.182451766
0.584,0.0418432,1.4282,-0.134557,0.253372,0.828126,0.481564,-0.0272401,-0.00539344,0.00600416,0.00600333,0.050683,0.0663553,1100,1500,1496,1508,1896,1104,0,0,4682.272173788
0.581985,0.0406849,1.4269,-0.137242,0.252857,0.830029,0.477786,-0.0126574,-0.014209,-0.00908867,-0.00356463,-0.00150099,0.0040614,1104,1500,1496,1500,1896,1104,0,0,4682.391986698
0.580526,0.0404407,1.42698,-0.134622,0.254323,0.831285,0.475564,-0.0143879,0.00422181,0.00681218,0.00141481,3.79945e-05,-0.0026132,1104,1500,1496,1504,1900,1100,0,0,4682.481653516
0.579577,0.0403588,1.42763,-0.142794,0.247614,0.823392,0.490228,-0.0108294,0.0041049,0.00714489,0.00209992,-0.00244902,-0.00480901,1100,1500,1500,1496,1900,1100,0,0,4682.582382051
0.578965,0.0392689,1.42879,-0.148633,0.229461,0.796715,0.538982,0.00907945,-0.0273895,0.0340276,0.0275458,-0.0487671,-0.0957318,1100,1500,1500,1500,1896,1100,0,0,4682.682153763
0.577554,0.0389604,1.42924,-0.137504,0.23294,0.803041,0.530996,-0.0146365,-0.0149408,-0.00480912,0.00110584,0.00102219,0.00171779,1100,1500,1500,1496,1900,1104,0,0,4682.791874397
0.576017,0.0372495,1.42768,-0.156763,0.235499,0.804912,0.521615,0.263474,0.26079,-0.19084,1.12507,0.126358,-3.0652,1100,1500,1496,1500,1896,1104,0,0,4682.891552419
0.575421,0.0367343,1.42767,-0.161232,0.231952,0.80032,0.528858,-0.00789686,-0.00581889,-0.0016126,0.00093969,-0.00654955,-0.0043899,1104,1500,1496,1500,1896,1104,0,0,4683.002371287
0.575122,0.0374157,1.42818,-0.137262,0.245917,0.829552,0.482211,0.00298775,0.00157122,-0.00485163,-0.00012857,-0.00281519,-0.00422216,1108,1500,1496,1496,1900,1100,0,0,4683.102013141
0.575092,0.0373752,1.42727,-0.139363,0.244491,0.825829,0.48868,-0.00021281,-0.00263319,-0.0129181,-0.00141121,-0.00191756,-0.00305107,1100,1500,1500,1496,1900,1100,0,0,4683.211754896
0.574835,0.0372001,1.42606,-0.139837,0.246833,0.828593,0.482652,-0.0031881,-5.49524e-05,-0.0060663,-0.00169601,0.0115515,0.0151975,1100,1500,1500,1496,1900,1100,0,0,4683.312432346
0.574805,0.0377241,1.4262,-0.135661,0.245565,0.825768,0.489287,0.0034549,0.0344321,0.0241545,0.00851401,-0.00260845,-0.0227463,1100,1500,1500,1496,1900,1100,0,0,4683.412238879
0.574537,0.0369272,1.42564,-0.139503,0.247666,0.830057,0.479798,-0.00699093,-0.0339162,-0.0274183,-0.00784255,0.00388283,0.0221623,1100,1500,1496,1500,1896,1104,0,0,4683.521778874
0.573854,0.0370561,1.42508,-0.139017,0.24461,0.828072,0.48491,-0.00802807,-0.00537247,-0.00915123,0.00113992,-0.00216269,-0.0041027,1296,1500,1496,1504,1896,1104,0,0,4683.621617663
0.573104,0.036117,1.42366,-0.142687,0.240633,0.825227,0.490649,-0.00626741,0.00063732,-0.00248781,0.000473936,0.0136067,0.0107457,1540,1500,1500,1496,1900,1104,0,0,4683.711695756
0.572123,0.0350248,1.42319,-0.144596,0.241384,0.827799,0.48536,-0.00934324,-0.0618126,-0.015148,-0.014295,-0.000531658,0.022323,1848,1500,1500,1492,1900,1100,0,0,4683.832088543
0.566944,0.0377173,1.42692,-0.11681,0.239689,0.859225,0.43662,-0.0901439,0.0451759,0.0587956,0.00928188,0.00570184,0.00692745,1896,1504,1496,1484,1896,1104,0,0,4683.941697613
0.5556,0.044917,1.43943,-0.091258,0.248795,0.863695,0.428724,-0.122393,0.065679,0.144482,0.000322538,-0.0112875,-0.0160719,1896,1500,1500,1456,1896,1100,0,0,4684.041454098
0.53896,0.0401445,1.46462,0.0808856,0.930091,-0.358207,0.00869383,-0.217923,0.085668,0.0886634,0.0681248,-0.00709789,-0.0651874,1896,1500,1500,1452,1900,1100,0,0,4684.142117701
0.523938,0.0386033,1.49385,0.0651038,0.933779,-0.351865,0.00320564,-0.168895,-0.0772214,0.265238,0.0193337,-0.0148451,0.0301669,1900,1500,1496,1460,1896,1104,0,0,4684.231938711
0.507264,0.0249706,1.52357,-0.0215884,0.9218,-0.386405,0.0225704,-0.112999,-0.286665,0.288644,-0.056802,0.000566429,0.116105,1900,1500,1496,1472,1900,1100,0,0,4684.351616591
0.488373,0.0211293,1.53489,0.074876,0.963662,-0.2435,0.0803486,-0.043897,0.26016,-0.163364,0.260677,-0.184924,-0.178448,1900,1500,1496,1500,1896,1104,0,0,4684.442392625
0.46924,0.0100949,1.54641,0.0314321,0.965672,-0.246797,0.0747,-0.20087,-0.0758541,0.0997278,-0.0138661,0.0089379,0.0186239,1900,1496,1500,1492,1904,1096,0,0,4684.542125351
0.449158,-0.000979564,1.55261,0.0130062,0.963976,-0.24446,0.104023,-0.19214,-0.0959226,0.0178651,-0.00567762,-0.0201154,-0.0152973,1896,1500,1500,1496,1900,1100,0,0,4684.641898497
0.434053,-0.0074264,1.55441,-0.0157471,0.980405,-0.138159,0.139539,-0.0149275,0.334808,-0.111129,0.145656,-0.0210642,0.116452,1896,1500,1500,1496,1900,1100,0,0,4684.751551802
0.423544,-0.0302711,1.56828,-0.13074,0.956416,-0.233806,0.116229,-0.0271815,-0.161414,0.153633,-0.0329065,0.0420956,0.185895,1896,1500,1500,1496,1900,1100,0,0,4684.852417767
0.411941,-0.0437939,1.5766,-0.133718,0.959341,-0.231396,0.0907791,0.0597503,-0.0321575,0.0722093,0.0292463,-0.0480664,0.0525756,1900,1500,1496,1500,1896,1104,0,0,4684.982022036
0.400934,-0.0538245,1.58914,0.982814,0.168254,0.0660285,0.0375114,-0.13085,0.0239824,0.368391,-2.98511,-0.512208,-0.4769,1900,1500,1496,1500,1896,1104,0,0,4685.061751365
0.395836,-0.0620752,1.59259,0.98546,0.143233,0.0834358,0.0373067,-0.0459464,-0.0858915,0.0812445,0.011061,0.0106912,0.049454,1900,1500,1496,1496,1900,1100,0,0,4685.161412821
0.391237,-0.0662159,1.59861,0.985774,0.15133,0.0640964,0.0352224,-0.200431,0.0893568,0.177506,0.450763,0.378348,-3.08175,1904,1496,1496,1496,1900,1100,0,0,4685.272176578
0.388192,-0.0743851,1.60032,0.984471,0.154821,0.0765975,0.0313146,-0.227708,-0.00949431,-0.018687,0.426697,0.450058,-3.13517,1896,1500,1500,1496,1896,1104,0,0,4685.371902270
0.385616,-0.0797398,1.60442,0.981835,0.17539,0.067903,0.0250399,-0.0222335,-0.0382399,0.0305997,0.0130966,0.00325493,0.016992,1900,1500,1500,1496,1900,1100,0,0,4685.481695400
0.382262,-0.0854356,1.60808,-0.103384,0.144777,0.937108,0.3003,-0.11598,-0.0819786,0.0549676,-3.063,-0.431729,-0.246589,1900,1500,1496,1500,1900,1100,0,0,4685.582324758
0.375387,-0.0889946,1.6113,0.990312,0.126455,0.0321856,0.047482,-0.226129,-0.172895,0.036271,-0.0303716,0.0632121,-0.0913798,1900,1500,1496,1500,1896,1104,0,0,4685.682027495
0.376152,-0.0859698,1.61519,0.984162,0.163208,0.0612405,0.0322276,0.0131572,0.516351,-0.107924,0.65756,0.295017,-3.06078,1900,1500,1496,1496,1900,1100,0,0,4685.791771509
0.372179,-0.0852183,1.61718,0.980524,0.181953,0.0676562,0.0297931,0.0156378,-0.00650088,0.0783985,0.0183045,-0.0158995,0.0201607,1896,1500,1500,1488,1900,1100,0,0,4685.891502967
0.368077,-0.0829361,1.62281,0.982691,0.172736,0.0472694,0.0473847,-0.0577195,0.0494343,0.106687,-0.034737,0.0222816,-0.00122564,1896,1500,1500,1484,1900,1100,0,0,4686.002239310
0.361917,-0.0765932,1.6378,0.984217,0.168973,0.0289761,0.0438892,-0.0770453,0.0966432,0.147673,-0.0214331,-0.00936068,0.0153958,1896,1500,1500,1484,1896,1104,0,0,4686.101995574
0.348762,-0.0660519,1.6713,0.974902,0.222541,-0.00547818,0.00335059,-0.110496,0.167597,0.42499,0.0236956,0.00269917,-0.0502681,1900,1500,1496,1472,1900,1100,0,0,4686.191748822
0.33715,-0.0604724,1.74489,-0.451252,0.866718,-0.211708,0.0187207,-0.177741,0.0667882,0.800623,0.0173158,0.0524067,0.0381267,1900,1500,1496,1464,1896,1104,0,0,4686.312549594
0.329709,-0.0559029,1.82425,0.0787519,0.0667557,0.74837,0.655198,-0.133013,-0.127845,0.681384,0.057128,0.0210632,-0.103254,1900,1500,1496,1472,1896,1104,0,0,4686.412262690
0.307909,-0.0512015,1.88108,0.970751,0.170111,0.155373,-0.0675587,-0.302096,-0.188871,0.592643,-0.00711344,-0.0508127,0.00561774,1900,1500,1496,1476,1900,1100,0,0,4686.541840195
0.268238,-0.129109,1.9347,-0.296225,-0.099783,0.919689,-0.237626,-0.463209,-0.693477,0.351054,-0.0101321,-0.0569717,0.0917711,1896,1500,1500,1476,1900,1100,0,0,4686.621661027
0.209612,-0.222579,1.95157,-0.410469,-0.0759939,0.790639,-0.447917,-0.636409,-0.969592,0.0952674,-0.0504943,-0.0954765,0.134747,1896,1500,1500,1488,1900,1100,0,0,4686.712391530
0.157981,-0.342651,1.94937,0.531707,0.108741,-0.581987,0.605603,-0.211795,-1.05059,-0.196768,0.100773,0.0100234,0.0739261,1900,1500,1500,1476,1900,1100,0,0,4686.812128220
0.061149,-0.561732,1.95464,0.484343,0.0588913,-0.441131,0.753225,-0.586989,-1.50886,-0.000586534,-0.0596893,-0.0447107,0.268025,1900,1500,1496,1472,1900,1100,0,0,4686.961783661
0.0405904,-0.625915,1.95925,0.453703,0.0699594,-0.39743,0.79455,-0.562572,-1.50532,0.155541,-0.0227276,0.0551843,-0.0353215,1900,1500,1496,1464,1900,1100,0,0,4687.062438939
0.00441036,-0.81394,1.98743,0.370548,0.115178,-0.40651,0.827151,-0.23717,-1.44054,0.242049,-0.0163533,0.107494,-0.144233,1896,1500,1500,1460,1900,1100,0,0,4687.122268489
0.0285696,-1.02956,2.04336,0.940528,0.081832,-0.091787,-0.316678,0.144955,-1.29374,0.335554,2.69757,0.471099,-0.628154,1896,1500,1500,1468,1900,1896,0,0,4687.391556213
0.101322,-1.1712,2.09669,0.256455,0.179874,0.0692412,0.947144,0.663652,-0.80885,0.319049,0.0462805,-0.0267974,0.143139,1900,1500,1496,1476,1900,1896,0,0,4687.432438838
0.144162,-1.23079,2.12532,0.249121,0.249121,0.250273,0.901799,0.0821371,-0.648743,0.383293,8.2489e-05,0.105129,0.0368977,1900,1500,1496,1472,1896,1900,0,0,4687.562077871
0.251133,-1.29509,2.16116,0.104739,0.235839,-0.010945,0.966069,0.808961,-0.339428,0.254856,-0.0503328,0.0300794,-0.0352805,1900,1500,1496,1468,1896,1900,0,0,4687.641874137
0.272855,-1.30226,2.16482,0.101364,0.245753,-5.7578e-05,0.964018,1.04265,-0.344375,0.175407,-0.000518484,0.0179244,0.0246569,1896,1500,1500,1468,1900,1900,0,0,4688.232296242
0.849619,-0.987347,2.1927,-0.0684643,0.445203,0.713771,0.536319,0.991984,0.511512,0.0591393,0.360869,0.114952,1.80757,1900,1500,1496,1496,1896,1900,0,0,4688.253613013
0.901801,-0.863313,2.20475,-0.135489,0.437964,0.718318,0.523306,0.505281,1.1757,0.102232,-0.0303458,-0.220934,-0.191644,1900,1496,1500,1496,1900,1900,0,0,4688.371926871
0.9263,-0.744959,2.22402,-0.193917,0.365064,0.708439,0.572048,0.526828,1.20498,0.116718,-0.0179277,0.027815,-0.192843,1896,1500,1500,1496,1896,1900,0,0,4688.481767145
0.932967,-0.614065,2.25376,-0.288931,0.878068,-0.375814,0.0654216,0.0772072,1.15519,0.121753,0.135392,0.0773655,0.406755,1896,1500,1500,1496,1900,1896,0,0,4688.582330296
0.91396,-0.537177,2.26672,-0.0686014,-0.250511,-0.293655,0.919948,-0.214863,0.784753,0.0946629,3.10901,-0.597566,0.11681,1900,1500,1480,1496,1900,1896,0,0,4688.682086192
0.880052,-0.45149,2.28575,-0.0204035,-0.272651,-0.253717,0.927832,-0.382556,0.721389,0.194361,0.0040095,0.00142312,0.0566525,1900,1500,1448,1496,1900,1900,0,0,4688.771770261
0.840986,-0.379982,2.30275,-0.208731,0.196459,0.957384,0.0353609,-0.375034,0.686477,0.163191,0.884967,0.569022,-2.26471,1900,1500,1444,1496,1900,1896,0,0,4688.891715662
0.793803,-0.333725,2.31145,-0.217208,0.160193,0.953858,0.131584,-0.644846,0.532051,0.0411793,0.028807,-0.0333833,-0.0494772,1900,1496,1472,1496,1896,1900,0,0,4689.042182511
0.711601,-0.288802,2.31489,-0.251191,0.134577,0.954429,-0.0886448,-0.68821,0.278151,-0.0300313,0.021812,0.00576629,0.0152681,1896,1500,1496,1500,1896,1900,0,0,4689.081953612
0.635624,-0.275326,2.31048,0.672838,-0.655713,0.207334,-0.272659,-0.801275,0.067648,-0.0919624,0.000976239,-0.0181691,0.0492034,1856,1500,1500,1496,1900,1896,0,0,4689.191731430
0.553589,-0.286427,2.30113,0.354183,-0.0812939,-0.721433,0.589475,-0.793319,-0.19831,-0.139929,0.00649046,-0.0110158,0.0429181,1784,1500,1496,1500,1896,1900,0,0,4689.292495337
0.484213,-0.319642,2.28348,0.175235,-0.0469796,0.65852,0.730368,-0.668236,-0.350232,-0.176267,-0.751082,0.394814,2.88354,1756,1500,1500,1496,1900,1896,0,0,4689.392188435
0.429706,-0.3673,2.25117,0.859381,-0.382686,0.0512848,-0.335239,-0.25746,-0.418855,-0.273474,2.37101,0.149508,-2.41493,1744,1500,1496,1500,1896,1900,0,0,4689.501993827
0.386792,-0.438623,2.19327,0.872105,-0.239524,0.019003,-0.426262,-0.37939,-0.760156,-0.630236,0.0412234,-0.0161679,0.0310736,1728,1500,1500,1496,1896,1900,0,0,4689.601676922
0.368025,-0.520829,2.12087,0.87713,-0.0545469,-0.0297994,-0.476214,-0.117769,-0.815826,-0.682896,0.011593,-0.0795861,0.10455,1728,1500,1500,1496,1900,1896,0,0,4689.712378067
0.365028,-0.597144,2.0511,-0.852537,-0.0390523,0.0678587,0.516769,-0.108765,-0.997933,-0.862472,0.0784711,-0.185126,0.110629,1832,1500,1500,1496,1900,1896,0,0,4689.812081075
0.376403,-0.73206,1.9451,0.532984,0.216273,-0.235784,0.783301,0.168389,-1.19131,-0.858421,0.0366957,0.0127472,-0.0336955,1892,1500,1500,1484,1896,1900,0,0,4689.911831022
0.401086,-0.811165,1.89663,0.524143,0.264418,-0.196533,0.785323,0.421376,-1.32223,-0.822017,0.0157455,0.0530366,-0.00069749,1828,1500,1500,1496,1900,1896,0,0,4690.031573007
0.483539,-1.02817,1.8173,0.491144,0.294968,-0.193901,0.796351,0.636487,-1.59923,-0.420487,-0.0414677,0.0860962,-0.042598,1800,1500,1496,1500,1896,1900,0,0,4690.122230428
1.36099,-1.77928,1.52278,0.272941,0.404907,0.450234,0.747558,1.20336,-1.03009,-0.403907,-0.128278,-0.345464,1.39199,1748,1500,1376,1496,1900,1896,0,0,4690.936428229
1.42264,-1.79344,1.48532,0.64847,-0.607444,-0.31029,0.337963,1.60572,-0.520091,-1.19288,0.807772,0.988753,-2.56793,1764,1500,1340,1500,1896,1900,0,0,4690.962052392
1.63055,-1.80691,1.40119,0.315865,0.473049,0.577185,0.585928,1.52636,-0.031623,-0.542429,0.0542543,-0.00744738,0.0219061,1764,1500,1300,1496,1900,1896,0,0,4691.061793004
1.80339,-1.80962,1.32645,0.203358,0.631874,0.305497,0.68268,1.70198,0.0933522,-0.627072,-0.0261629,0.0256255,0.026524,1776,1500,1300,1496,1900,1896,0,0,4691.162446223
1.9886,-1.78322,1.26289,0.168147,0.643547,0.27336,0.694873,1.84934,0.314297,-0.619716,-0.0274331,0.0140027,-0.0112302,1772,1500,1296,1500,1896,1900,0,0,4691.252291000
2.14617,-1.74854,1.21475,0.173457,0.638518,0.310051,0.682697,1.92574,0.451954,-0.558726,0.0332808,0.00246625,0.015877,1760,1500,1480,1496,1892,1896,0,0,4691.371904835
3.39764,-0.0927275,0.0506411,-0.580403,-0.331419,0.214388,0.712272,0.71621,1.09823,-0.758477,-2.50967,-0.362069,2.4401,1728,1620,1696,1516,1900,1900,0,0,4692.898192000
0.608216,1.3676,0.0216021,0.667053,-0.292568,-0.594346,0.340876,-1.68307,0.867321,-0.0141553,-2.89836,0.252458,-0.514801,1104,1592,1680,1564,1896,1900,0,0,4694.655195633
0.527091,1.37485,0.0229286,0.636582,-0.351759,-0.533946,0.431196,-0.681756,0.0756166,-0.0547148,0.0330925,0.00616093,0.00118924,1100,1604,1680,1560,1900,1896,0,0,4694.663124166
0.486951,1.37878,0.0237086,0.638742,-0.351833,-0.524952,0.438917,-0.377611,0.0386629,0.0583572,0.0253056,-0.000102585,-0.000289561,1104,1624,1676,1564,1540,1876,0,0,4694.772848801
0.466736,1.38178,0.0231095,0.647205,-0.344359,-0.517631,0.441136,-0.0423395,0.0538511,0.0242382,0.0084852,-0.0123273,0.0203023,1100,1612,1688,1552,1896,1900,0,0,4694.872522433
0.466735,1.38139,0.0233624,0.635716,-0.346642,-0.531176,0.439951,-0.0210448,-0.0421516,-0.02535,0.00679068,0.0155864,-0.0182497,1104,1600,1696,1544,1896,1900,0,0,4694.982195996
0.46673,1.38134,0.023373,0.635406,-0.347659,-0.529764,0.441296,0.000574144,-0.00386176,-0.00124977,-0.00494528,-0.00105002,0.000608533,1104,1612,1692,1548,1896,1900,0,0,4695.081896983
0.467088,1.38206,0.0230744,0.635368,-0.344539,-0.526937,0.447144,-0.000934424,-0.00181324,-0.000232631,-0.00224051,-0.000760973,5.38845e-05,1100,1612,1688,1548,1900,1896,0,0,4695.181668242
0.467097,1.38204,0.0230917,0.634849,-0.345288,-0.52632,0.44803,-0.0200973,-0.0186006,-0.0132662,0.00209709,0.00859006,-0.00748127,1100,1084,1596,1664,1544,1900,0,0,4695.292385788
0.467096,1.38204,0.0230976,0.635397,-0.344469,-0.526817,0.447298,-0.0209981,-0.0184377,-0.0119512,0.00531815,0.00954182,-0.00765727,1100,1544,1608,1552,1896,1900,0,0,4695.394105308
0.467538,1.38245,0.0234135,0.638321,-0.345551,-0.521064,0.449035,0.00171146,0.00180031,0.0023141,0.00225971,-0.000821896,0.000441456,1508,1496,1548,1900,1896,1900,0,0,4695.501970228
0.467699,1.38251,0.0233568,0.639039,-0.344988,-0.521654,0.447761,-0.00358797,0.00212709,-0.00286832,0.00605184,0.00223459,-0.000401447,1104,1500,1496,1544,1900,1896,0,0,4695.582732140
0.467774,1.38249,0.0233939,0.63841,-0.346342,-0.520253,0.44924,-0.00156895,-0.000425139,-0.000551917,-0.00170411,0.0013918,8.62245e-05,1104,1500,1496,1540,1900,1900,0,0,4695.684401808
0.467769,1.3825,0.0233777,0.63862,-0.345999,-0.520717,0.448668,0.0010801,-0.000210396,0.0011187,-0.00257584,-0.00017502,0.000312238,1100,1500,1500,1532,1896,1900,0,0,4695.792176572
0.467824,1.38252,0.0234345,0.639276,-0.345835,-0.520357,0.448278,0.00682075,0.00120346,0.00576058,-0.00166789,-0.00330691,0.00059356,1100,1500,1500,1528,1896,1900,0,0,4695.893820328
0.467736,1.38251,0.0233462,0.638661,-0.345247,-0.5215,0.448279,-0.000302663,-0.000548184,-0.001008,0.00151638,0.000969275,-0.000166337,1100,1500,1500,1520,1900,1900,0,0,4696.001704169
0.467745,1.38252,0.0233704,0.638756,-0.345594,-0.521071,0.448374,-0.00090352,0.00197756,-0.000270591,0.00305611,0.001642,-0.000495862,1100,1500,1496,1524,1900,1896,0,0,4696.103407129
0.467689,1.38249,0.0233089,0.638333,-0.345494,-0.521121,0.448997,0.000224482,-0.000747084,2.22885e-06,-2.19014e-05,9.1139e-05,0.000599126,1104,1500,1496,1524,1896,1900,0,0,4696.231956989
0.467807,1.38248,0.0233143,0.637898,-0.346921,-0.520053,0.449751,0.00273335,0.000442909,-0.00363559,-0.000394904,0.000869426,-0.000462141,1104,1500,1496,1516,1900,1900,0,0,4696.311724351
0.467805,1.38251,0.0233178,0.638876,-0.345521,-0.52081,0.448564,-0.00073316,0.00072535,-0.000530818,0.00123018,0.000679765,0.000687733,1100,1500,1500,1520,1900,1896,0,0,4696.412423068
0.467729,1.38249,0.0232401,0.638375,-0.345444,-0.52131,0.448756,0.0155062,0.0159966,0.00972116,-0.00256066,-0.00754308,0.00691476,1100,1500,1500,1540,1896,1900,0,0,4696.522252746
0.46775,1.38253,0.0232624,0.638327,-0.345449,-0.521352,0.448771,0.0169951,0.0187244,0.0102855,0.000175756,-0.00678126,0.00699132,1100,1500,1500,1560,1896,1900,0,0,4696.622928864
0.467409,1.38215,0.0230247,0.635919,-0.345266,-0.525577,0.447401,-0.00194153,-0.00305023,-0.00364505,0.00102486,0.00154537,-0.000568066,1104,1500,1496,1524,1900,1896,0,0,4696.731570656
0.4681,1.38235,0.0232222,0.636644,-0.34873,-0.520141,0.450027,0.102208,-0.0400577,0.0873933,-0.0185158,-0.0519074,-0.015943,1104,1500,1496,1556,1896,1900,0,0,4696.832309443
0.467414,1.3831,0.0226858,0.636692,-0.339334,-0.521896,0.455082,-0.000484312,0.000691133,-0.00181472,0.00167342,-9.16219e-05,0.000298083,1496,1500,1544,1896,1900,1900,0,0,4696.942023052
0.46599,1.38306,0.0213826,0.628657,-0.328316,-0.5359,0.45805,-0.00294431,-0.000569464,-0.00305815,0.00162672,0.0024793,-7.20952e-05,1104,1496,1504,1552,1900,1500,0,0,4697.042730394
0.465986,1.38313,0.0213924,0.629372,-0.32793,-0.53567,0.457615,-0.0033014,0.00170197,-0.0034484,0.00209558,0.00227566,0.000464515,1100,1500,1500,1564,1896,1104,0,0,4697.141500577
